https://habr.com/ru/post/54683/,elgoog,90
https://habr.com/ru/post/54683/,wmz,7
https://habr.com/ru/post/54683/,s5656,7
https://habr.com/ru/post/54683/,roller,6
https://habr.com/ru/post/54683/,Untitled,4
https://habr.com/ru/post/54683/,DYm00n,4
https://habr.com/ru/post/54683/,rgaliull,3
https://habr.com/ru/post/54683/,nllm,3
https://habr.com/ru/post/54683/,iAmGeorge,3
https://habr.com/ru/post/54683/,Somewan,3
https://habr.com/ru/post/54683/,Smasher,3
https://habr.com/ru/post/54683/,Sap_ru,3
https://habr.com/ru/post/54683/,Odes,3
https://habr.com/ru/post/54683/,Nailgun,3
https://habr.com/ru/post/54683/,taishy,2
https://habr.com/ru/post/54683/,rondob,2
https://habr.com/ru/post/54683/,lasc,2
https://habr.com/ru/post/54683/,kuralesov,2
https://habr.com/ru/post/54683/,kitsune00,2
https://habr.com/ru/post/54683/,energel,2
https://habr.com/ru/post/54683/,bismark,2
https://habr.com/ru/post/54683/,baxtep2,2
https://habr.com/ru/post/54683/,YMax,2
https://habr.com/ru/post/54683/,Veter9,2
https://habr.com/ru/post/54683/,Rihtor,2
https://habr.com/ru/post/54683/,Mokkey,2
https://habr.com/ru/post/54683/,LDEV,2
https://habr.com/ru/post/54683/,Kastrulya0001,2
https://habr.com/ru/post/54683/,Kastrulya,2
https://habr.com/ru/post/54683/,Gibbzy,2
https://habr.com/ru/post/54683/,AlborTholus,2
https://habr.com/ru/post/54683/,AHDPEu,2
https://habr.com/ru/post/54683/,unxed,1
https://habr.com/ru/post/54683/,try4tune,1
https://habr.com/ru/post/54683/,theproof,1
https://habr.com/ru/post/54683/,technowizard,1
https://habr.com/ru/post/54683/,standov,1
https://habr.com/ru/post/54683/,rubyman,1
https://habr.com/ru/post/54683/,razr,1
https://habr.com/ru/post/54683/,rawing,1
https://habr.com/ru/post/54683/,oleamm,1
https://habr.com/ru/post/54683/,megahertz,1
https://habr.com/ru/post/54683/,linker,1
https://habr.com/ru/post/54683/,lifecom,1
https://habr.com/ru/post/54683/,ivv,1
https://habr.com/ru/post/54683/,imdek,1
https://habr.com/ru/post/54683/,iPirat,1
https://habr.com/ru/post/54683/,gorynich,1
https://habr.com/ru/post/54683/,foxxmulder,1
https://habr.com/ru/post/54683/,enartemy,1
https://habr.com/ru/post/54683/,corax,1
https://habr.com/ru/post/54683/,bdsoft,1
https://habr.com/ru/post/54683/,batal,1
https://habr.com/ru/post/54683/,bO_oblik,1
https://habr.com/ru/post/54683/,aryeh,1
https://habr.com/ru/post/54683/,and_avd,1
https://habr.com/ru/post/54683/,ZARATUSTR,1
https://habr.com/ru/post/54683/,Xmpe,1
https://habr.com/ru/post/54683/,Valery35,1
https://habr.com/ru/post/54683/,Steward,1
https://habr.com/ru/post/54683/,Stallin,1
https://habr.com/ru/post/54683/,Slash,1
https://habr.com/ru/post/54683/,OmeZ,1
https://habr.com/ru/post/54683/,Obi,1
https://habr.com/ru/post/54683/,Marshalkin,1
https://habr.com/ru/post/54683/,Londeren,1
https://habr.com/ru/post/54683/,LeKot,1
https://habr.com/ru/post/54683/,Jama,1
https://habr.com/ru/post/54683/,DaemonI,1
https://habr.com/ru/post/54683/,CAJAX,1
https://habr.com/ru/post/54683/,Busla,1
https://habr.com/ru/post/54683/,Belidor,1
https://habr.com/ru/post/54683/,Alexsmt,1
https://habr.com/ru/post/54683/,Alexsashko,1
https://habr.com/ru/post/435946/,Walker2000,85
https://habr.com/ru/post/435946/,da-nie,16
https://habr.com/ru/post/435946/,sim31r,9
https://habr.com/ru/post/435946/,Alexeyslav,7
https://habr.com/ru/post/435946/,Gryphon88,5
https://habr.com/ru/post/435946/,tuxi,4
https://habr.com/ru/post/435946/,sslobodyan,4
https://habr.com/ru/post/435946/,alexk24,4
https://habr.com/ru/post/435946/,ToSHiC,3
https://habr.com/ru/post/435946/,SH_Alexey,3
https://habr.com/ru/post/435946/,ElectricFromUfa,3
https://habr.com/ru/post/435946/,vconst,2
https://habr.com/ru/post/435946/,smart_alex,2
https://habr.com/ru/post/435946/,ser-mk,2
https://habr.com/ru/post/435946/,kievskii,2
https://habr.com/ru/post/435946/,agat000,2
https://habr.com/ru/post/435946/,Nick_Shl,2
https://habr.com/ru/post/435946/,Javian,2
https://habr.com/ru/post/435946/,Gabiani,2
https://habr.com/ru/post/435946/,CHolfield,2
https://habr.com/ru/post/435946/,Aquahawk,2
https://habr.com/ru/post/435946/,v-oz,1
https://habr.com/ru/post/435946/,un1t,1
https://habr.com/ru/post/435946/,uastalker,1
https://habr.com/ru/post/435946/,roboter,1
https://habr.com/ru/post/435946/,mgrigorov,1
https://habr.com/ru/post/435946/,keepcalm,1
https://habr.com/ru/post/435946/,ilusder,1
https://habr.com/ru/post/435946/,dmitriyrudnev,1
https://habr.com/ru/post/435946/,Wesha,1
https://habr.com/ru/post/435946/,Vsevo10d,1
https://habr.com/ru/post/435946/,Theblackoverlord,1
https://habr.com/ru/post/435946/,Squoworode,1
https://habr.com/ru/post/435946/,Sing1e,1
https://habr.com/ru/post/435946/,Pro-invader,1
https://habr.com/ru/post/435946/,Paspasuy,1
https://habr.com/ru/post/435946/,Oval,1
https://habr.com/ru/post/435946/,ONIKSfly,1
https://habr.com/ru/post/435946/,NumLock,1
https://habr.com/ru/post/435946/,MKrivosheev,1
https://habr.com/ru/post/435946/,LumberJack,1
https://habr.com/ru/post/435946/,Jeditobe,1
https://habr.com/ru/post/435946/,Eugene_AU,1
https://habr.com/ru/post/435946/,DolinEA,1
https://habr.com/ru/post/435946/,Crevice,1
https://habr.com/ru/post/161673/,RaJa,15
https://habr.com/ru/post/161673/,BizDev,13
https://habr.com/ru/post/161673/,sphinks,6
https://habr.com/ru/post/161673/,Ariman,5
https://habr.com/ru/post/161673/,magic4x,4
https://habr.com/ru/post/161673/,ivan_suroegin,4
https://habr.com/ru/post/161673/,beeruser,4
https://habr.com/ru/post/161673/,IRainman,4
https://habr.com/ru/post/161673/,xdemon,3
https://habr.com/ru/post/161673/,nesmit,3
https://habr.com/ru/post/161673/,kibergus,3
https://habr.com/ru/post/161673/,Shirixae,3
https://habr.com/ru/post/161673/,Infod,3
https://habr.com/ru/post/161673/,qxfusion,2
https://habr.com/ru/post/161673/,nochkin,2
https://habr.com/ru/post/161673/,isden,2
https://habr.com/ru/post/161673/,ded_Sergei,2
https://habr.com/ru/post/161673/,alno,2
https://habr.com/ru/post/161673/,GreenGo,2
https://habr.com/ru/post/161673/,zKeep,1
https://habr.com/ru/post/161673/,tushev,1
https://habr.com/ru/post/161673/,slam007,1
https://habr.com/ru/post/161673/,rustler2000,1
https://habr.com/ru/post/161673/,lubezniy,1
https://habr.com/ru/post/161673/,ksenobayt,1
https://habr.com/ru/post/161673/,kmeaw,1
https://habr.com/ru/post/161673/,k0ldbl00d,1
https://habr.com/ru/post/161673/,iXCray,1
https://habr.com/ru/post/161673/,flight,1
https://habr.com/ru/post/161673/,fear86,1
https://habr.com/ru/post/161673/,dulong_pti,1
https://habr.com/ru/post/161673/,demmsnt,1
https://habr.com/ru/post/161673/,Zagrebelion,1
https://habr.com/ru/post/161673/,Yak52,1
https://habr.com/ru/post/161673/,Virusmater,1
https://habr.com/ru/post/161673/,Valeftin,1
https://habr.com/ru/post/161673/,Sayman,1
https://habr.com/ru/post/161673/,Rimidalw,1
https://habr.com/ru/post/161673/,Newbilius,1
https://habr.com/ru/post/161673/,MainNika,1
https://habr.com/ru/post/161673/,Kern,1
https://habr.com/ru/post/161673/,JaLoveAst1k,1
https://habr.com/ru/post/161673/,Hile,1
https://habr.com/ru/post/161673/,Flammar,1
https://habr.com/ru/post/161673/,Finom,1
https://habr.com/ru/post/161673/,FilimoniC,1
https://habr.com/ru/post/161673/,DMakeev,1
https://habr.com/ru/post/161673/,ColorPrint,1
https://habr.com/ru/post/161673/,ChemAli,1
https://habr.com/ru/post/161673/,BubaVV,1
https://habr.com/ru/post/161673/,54300,1
